{
  "UserAgent": "MobileHub/1.0",
  "Version": "1.0",
  "CredentialsProvider": {
    "CognitoIdentity": {
      "Default": {
        "PoolId": "eu-west-2:e2ff2cab-9a6b-40f1-a0f0-6a4c55bd9932",
        "Region": "eu-west-2"
      }
    }
  },
  "IdentityManager": {
    "Default": {}
  },
  "DynamoDBObjectMapper": {
    "Default": {
      "Region": "eu-west-2"
    }
  },
  "CognitoUserPool": {
    "Default": {
      "PoolId": "eu-west-2_pqgUFb4Jh",
      "AppClientId": "5obc56tq7lejc0qmmjj7jffqmc",
      "AppClientSecret": "1ee7qr4jjqn4vcloa916ffn5ibj38jte36pfs0h2ecr4mank3hqc",
      "Region": "eu-west-2"
    }
  },
  "PinpointAnalytics": {
    "Default": {
      "AppId": "92503c611b7e455584f01bf84ebcf783",
      "Region": "us-east-1"
    }
  },
  "PinpointTargeting": {
    "Default": {
      "Region": "us-east-1"
    }
  }
}
